{"schemaVersion":"1.0","appDefinitionTemplate":{"id":"/providers/Microsoft.PowerApps/apps/","type":"Microsoft.PowerApps/apps","tags":{"primaryDeviceWidth":"1366","primaryDeviceHeight":"768","supportsPortrait":"true","supportsLandscape":"true","primaryFormFactor":"Tablet","publisherVersion":"3.22081.8","minimumRequiredApiVersion":"2.2.0","hasComponent":"false","hasUnlockedComponent":"false","isUnifiedRootApp":"false","sienaVersion":"20220812T114555Z-3.22081.8.0"},"properties":{"appVersion":"2022-08-12T11:45:55Z","lifeCycleId":"Published","createdByClientVersion":{"major":3,"minor":22081,"build":8,"revision":0,"majorRevision":0,"minorRevision":0},"minClientVersion":{"major":3,"minor":22081,"build":8,"revision":0,"majorRevision":0,"minorRevision":0},"backgroundColor":"RGBA(0,176,240,1)","backgroundImageUri":"/13015572349121590857/Nd5f39dc8-4de0-4ba0-aa29-a83d7d831345-logoSmallFile","displayName":"Go_on_Vacation","description":"","commitMessage":"","appUris":{"documentUri":{"value":"/13015572349121590857/Nd3d9816d-b970-426c-b928-a3d2d2c92e40-document.msapp"},"imageUris":[],"additionalUris":[]},"createdTime":"0001-01-01T00:00:00Z","lastModifiedTime":"0001-01-01T00:00:00Z","sharedGroupsCount":0,"sharedUsersCount":0,"icons":{"smallIconUri":"/13015572349121590857/N3cc65b15-f3b8-4f81-9cba-65632b2ed223-small.png","mediumIconUri":"/13015572349121590857/N743392d4-1166-4188-8564-1b09d7f6ec90-medium.png","largeIconUri":"/13015572349121590857/N6e0e12c4-f43b-49e8-8bc4-9af9e98daca6-large.png","wideIconUri":"/13015572349121590857/N54ac8464-74ba-4ae2-b067-7e62c761052b-wide.png"},"connectionReferences":{"719d6f32-5c99-4997-a03d-1a1da4213ba2":{"id":"8adccfb6-c427-49e4-a613-81f259e530e8","displayName":"Office 365 Users","iconUri":"https://connectoricons-prod.azureedge.net/releases/v1.0.1587/1.0.1587.2924/office365users/icon.png","dataSources":["Office365Users"],"dependencies":[],"dependents":[],"parameterHints":{},"parameterHintsV2":{},"isOnPremiseConnection":false,"bypassConsent":false,"dataSets":{},"apiTier":"Standard","isCustomApiConnection":false,"actions":["UserPhoto","UserPhotoMetadata"]},"2f6ba163-137a-48a8-a1ae-a6cc5df9373f":{"id":"ebcd2314-d2bc-4270-a38f-ff142eb1b1a5","displayName":"Office 365 Groups","iconUri":"https://connectoricons-prod.azureedge.net/releases/v1.0.1588/1.0.1588.2938/office365groups/icon.png","dataSources":["Office365Groups"],"dependencies":[],"dependents":[],"parameterHints":{},"parameterHintsV2":{},"isOnPremiseConnection":false,"bypassConsent":false,"dataSets":{},"apiTier":"Standard","isCustomApiConnection":false,"actions":["ListGroupMembers"]},"4ef4b981-9d5a-4fec-b8fd-d59e090c20bc":{"id":"264fb8aa-d3dc-418d-bf72-488f56731127","displayName":"Office 365 Outlook","iconUri":"https://connectoricons-prod.azureedge.net/releases/v1.0.1591/1.0.1591.2961/office365/icon.png","dataSources":["Office365Outlook"],"dependencies":[],"dependents":[],"parameterHints":{},"parameterHintsV2":{},"isOnPremiseConnection":false,"bypassConsent":false,"dataSets":{},"apiTier":"Standard","isCustomApiConnection":false,"actions":["CalendarGetTables","V2CalendarGetItems","V2CalendarPostItem","CalendarDeleteItem"]}},"databaseReferences":{},"almMode":"Environment","performanceOptimizationEnabled":true,"canConsumeAppPass":true,"executionRestrictions":{"isTeamsOnly":false,"dataLossPreventionEvaluationResult":{"status":"Compliant","lastEvaluationDate":"2022-08-02T11:15:34.6368067Z","violations":[],"violationsByPolicy":[],"violationErrorMessage":"The app uses the following connectors: shared_office365users, shared_office365groups, shared_logicflows, shared_office365."},"httpActionRestriction":{"appUsesSharepointHttpAction":false,"enforcementStrategy":"Legacy","evaluationTime":"2022-08-02T11:15:34.6367145Z"}}},"appType":"ClassicCanvasApp","appComponents":[]}}